Submission id,Participant id,Status,Custom study tncs accepted at,Started at,Completed at,Reviewed at,Archived at,Time taken,Completion code,Total approvals,Gender,Ethnicity,Age,Sex,Ethnicity simplified,Country of birth,Country of residence,Nationality,Language,Student status,Employment status
698de5231e9d19dd21878ee8,611cef2658a262a018829246,AWAITING REVIEW,Not Applicable,2026-02-12T14:35:39.412000Z,2026-02-12T14:40:31.435000Z,,2026-02-12T14:40:32.344521Z,293.0,NOCODE,657,Man (including Trans Male/Trans Man),African,24,Female,Black,South Africa,South Africa,South Africa,English,Yes,Part-Time
698de53cb6f644bc36492974,677506061eeaeb82be47cba5,AWAITING REVIEW,Not Applicable,2026-02-12T14:35:43.219000Z,2026-02-12T15:03:17.410000Z,,2026-02-12T15:03:18.184239Z,1655.0,A2G2JJNQ7Y,1231,Man (including Trans Male/Trans Man),African,36,Male,Black,South Africa,South Africa,South Africa,English,No,Full-Time
698de56f7937b212c3cca794,69809eb98ee3ae24b260480b,AWAITING REVIEW,Not Applicable,2026-02-12T14:36:52.954000Z,2026-02-12T15:05:12.693000Z,,2026-02-12T15:05:13.482562Z,1700.0,https://forms.cloud.microsoft/pages/responsepage.aspx?id=lZxaRJ0PU0mdsbxKRd0SIH40Bh7HD5FGhK_8QYWUOzlUMFEyWTY3TjBCSVNHMEVTRU1TV1AxMTM2My4u&amp;PROLIFIC_PID=69809eb98ee3ae24b260480b&amp;STUDY_ID=695e359e532bf197ce5848dd&amp;SESSION_ID=698de56f7937b212c3cca794&amp;route=shorturl,11,Woman (including Trans Female/Trans Woman),South Asian,53,Female,Asian,India,India,India,Hindi,No,"Not in paid work (e.g. homemaker', 'retired or disabled)"
698de5be39fbdb749b8618c4,672fa266b79ea8f700673843,AWAITING REVIEW,Not Applicable,2026-02-12T14:38:14.841000Z,2026-02-12T14:50:01.316000Z,,2026-02-12T14:50:02.154028Z,707.0,GZXOXCO7M8,534,Man (including Trans Male/Trans Man),Black/African American,24,Male,Black,South Africa,South Africa,South Africa,English,DATA_EXPIRED,DATA_EXPIRED
698de5cfe21413634c05fed9,69123a8aa5120931db0244b7,AWAITING REVIEW,Not Applicable,2026-02-12T14:38:17.803000Z,2026-02-12T14:46:51.698000Z,,2026-02-12T14:46:52.543488Z,514.0,QLPGGA2LKC,272,Man (including Trans Male/Trans Man),Latino/Hispanic,43,Male,White,Brazil,Brazil,Brazil,Portuguese,No,Part-Time
698de629c6029d1754bf0c08,60e724eca0b6545140fd4cc6,AWAITING REVIEW,Not Applicable,2026-02-12T14:39:52.162000Z,2026-02-12T15:01:08.978000Z,,2026-02-12T15:01:10.159107Z,1277.0,YLJDQSKZIR,231,Man (including Trans Male/Trans Man),Black/African American,39,Male,Black,South Africa,South Africa,South Africa,English,No,Part-Time
698de64c30f40e28a34dc221,6980a1bbc54de404c98e27a0,AWAITING REVIEW,Not Applicable,2026-02-12T14:40:49.757000Z,2026-02-12T14:57:53.046000Z,,2026-02-12T14:57:53.952897Z,1024.0,HI5R4FMFB2,22,Man (including Trans Male/Trans Man),East Asian,19,Male,Asian,India,India,India,Hindi,Yes,Unemployed (and job seeking)
698de66643d7d476f5ee1409,698a1ada2351b0fe24baba95,AWAITING REVIEW,Not Applicable,2026-02-12T14:42:05.375000Z,2026-02-12T15:01:18.637000Z,,2026-02-12T15:01:19.636997Z,1154.0,602QFERKH1,14,Woman (including Trans Female/Trans Woman),White,29,Female,White,Netherlands,Netherlands,Netherlands,Dutch,No,"Not in paid work (e.g. homemaker', 'retired or disabled)"
698de679c504804b53f7a293,69808dc8bf8f451969f94eeb,AWAITING REVIEW,Not Applicable,2026-02-12T14:41:01.903000Z,2026-02-12T15:00:25.249000Z,,2026-02-12T15:00:26.728569Z,1164.0,1ZB1W5CICE,11,Man (including Trans Male/Trans Man),Middle Eastern,29,Male,Mixed,Egypt,Egypt,Egypt,Arabic,No,Part-Time
698de67af3d943a721f1a10c,6981f0c2f8e74fb4346c1518,AWAITING REVIEW,Not Applicable,2026-02-12T14:41:09.197000Z,2026-02-12T14:55:53.712000Z,,2026-02-12T14:55:54.488694Z,885.0,T0GCBEOZ9F,9,Man (including Trans Male/Trans Man),Latino/Hispanic,27,Male,Other,Colombia,Colombia,Colombia,Spanish,No,Full-Time
698de6915ea9e8186736a975,69124176667ec0990dfb9da1,AWAITING REVIEW,Not Applicable,2026-02-12T14:42:12.246000Z,2026-02-12T14:56:07.993000Z,,2026-02-12T14:56:08.862719Z,836.0,6A9IFWQLZ2,137,Man (including Trans Male/Trans Man),Latino/Hispanic,24,Male,Mixed,Brazil,Brazil,Brazil,Portuguese,No,Unemployed (and job seeking)
698de6b933a11acacc7cd9be,68d40bac4c038d8f7d20a093,AWAITING REVIEW,Not Applicable,2026-02-12T14:43:33.408000Z,2026-02-12T15:05:56.507000Z,,2026-02-12T15:05:57.265805Z,1344.0,TRQT5WEBS1,225,Man (including Trans Male/Trans Man),Middle Eastern,28,Male,Other,Egypt,Egypt,Egypt,Arabic,No,Unemployed (and job seeking)
698de6bf56871fc9d05251da,6980b54d2c89968f474e77ac,AWAITING REVIEW,Not Applicable,2026-02-12T14:42:07.133000Z,2026-02-12T15:10:29.092000Z,,2026-02-12T15:10:29.874372Z,1702.0,7F6C4R9GN7,19,Man (including Trans Male/Trans Man),South Asian,22,Male,Asian,India,India,India,English,Yes,Unemployed (and job seeking)
698de6fde94590643d7ba598,69809b4956d7129d4b119b43,AWAITING REVIEW,Not Applicable,2026-02-12T14:43:09.234000Z,2026-02-12T15:06:33.229000Z,,2026-02-12T15:06:34.154247Z,1404.0,6HIYFJLOT7,36,Man (including Trans Male/Trans Man),Middle Eastern,24,Male,White,Egypt,Egypt,Egypt,Arabic,Yes,Unemployed (and job seeking)
698de70940dc116e7fedac11,69864dc087ef3a39bb2d1bd1,AWAITING REVIEW,Not Applicable,2026-02-12T14:43:38.329000Z,2026-02-12T14:54:13.858000Z,,2026-02-12T14:54:14.649963Z,636.0,MUT39CYOR3,4,Man (including Trans Male/Trans Man),South Asian,23,Male,Asian,India,India,India,Tamil,No,Due to start a new job within the next month
698de71f794f6f27d24b6ebd,697a66e902fc635c69e69062,AWAITING REVIEW,Not Applicable,2026-02-12T14:45:35.006000Z,2026-02-12T15:08:00.806000Z,,2026-02-12T15:08:02.675698Z,1346.0,OGBUNTKQOV,3,Man (including Trans Male/Trans Man),Mixed,21,Male,White,Brazil,Brazil,Brazil,Portuguese,No,Full-Time
698de724d5de7afc6d4e47b3,69313f9e8d654dcc2ad1f842,AWAITING REVIEW,Not Applicable,2026-02-12T14:43:52.283000Z,2026-02-12T14:55:27.341000Z,,2026-02-12T14:55:28.177368Z,696.0,E7ACA4QFXM,48,Man (including Trans Male/Trans Man),East Asian,28,Male,Asian,Netherlands,Netherlands,Netherlands,Dutch,No,Full-Time
698de7451cac1acac5d10afa,6737449def4924366e15da55,AWAITING REVIEW,Not Applicable,2026-02-12T14:46:33.751000Z,2026-02-12T14:59:18.717000Z,,2026-02-12T14:59:19.506061Z,765.0,NO6588G6RF,301,Man (including Trans Male/Trans Man),Black/African American,49,Male,Black,South Africa,South Africa,South Africa,English,No,Full-Time
698de76de84e6a95e42ab607,68c21f975fb235d834733e97,AWAITING REVIEW,Not Applicable,2026-02-12T14:45:01.898000Z,2026-02-12T15:01:42.575000Z,,2026-02-12T15:01:43.445023Z,1001.0,8V7ANWD7WL,1259,Man (including Trans Male/Trans Man),South East Asian,30,Male,Asian,Indonesia,Indonesia,Indonesia,Indonesian,Yes,Full-Time
698de77d03652107bf59a154,67d83bf3b00663d7674f822d,AWAITING REVIEW,Not Applicable,2026-02-12T14:45:21.060000Z,2026-02-12T15:06:37.648000Z,,2026-02-12T15:06:38.588630Z,1277.0,DFDZG69WIH,504,Woman (including Trans Female/Trans Woman),Black/African American,31,Female,Black,South Africa,South Africa,South Africa,English,No,Full-Time
698de7a305e96318734cfabf,65e5d51b9a403c3bd5fe0b07,AWAITING REVIEW,Not Applicable,2026-02-12T14:45:54.997000Z,2026-02-12T14:54:02.219000Z,,2026-02-12T14:54:02.987355Z,488.0,RO6X0R5WA1,933,Woman (including Trans Female/Trans Woman),Black/African American,43,Female,Black,South Africa,South Africa,South Africa,English,Yes,Full-Time
698de7cfd088bb95323b828e,697d95a8036bee0ad31dfda0,AWAITING REVIEW,Not Applicable,2026-02-12T14:47:03.999000Z,2026-02-12T14:58:28.133000Z,,2026-02-12T14:58:28.933549Z,685.0,FZIYBP53M3,11,Man (including Trans Male/Trans Man),Rather not say,22,Male,Prefer not to say,India,India,India,Hindi,No,Other
698de7d952f96e719d49cca8,695d3358e279e99f97eef93e,AWAITING REVIEW,Not Applicable,2026-02-12T14:47:20.989000Z,2026-02-12T15:07:41.052000Z,,2026-02-12T15:07:41.811280Z,1221.0,36FZZIRC90,27,Woman (including Trans Female/Trans Woman),East Asian,46,Female,Asian,Japan,Japan,Japan,Japanese,No,Part-Time
698de7de15d1f94491608c23,66c4211e6f5609658bb50633,AWAITING REVIEW,Not Applicable,2026-02-12T14:46:58.023000Z,2026-02-12T14:58:42.036000Z,,2026-02-12T14:58:42.792292Z,705.0,9NM6ZLCQOW,422,Man (including Trans Male/Trans Man),White,63,Male,White,Netherlands,Netherlands,Netherlands,Dutch,DATA_EXPIRED,DATA_EXPIRED
698de7e689dd0e94429bca61,678d265eb819fdb2c5a362f9,AWAITING REVIEW,Not Applicable,2026-02-12T14:47:49.293000Z,2026-02-12T15:07:48.330000Z,,2026-02-12T15:07:49.628022Z,1200.0,OO6HR0M5RP,611,Woman (including Trans Female/Trans Woman),African,52,Female,Black,South Africa,South Africa,South Africa,English,No,Full-Time
698de7ea26bab298fcc9935a,6984c821ecbf31f22ffee255,AWAITING REVIEW,Not Applicable,2026-02-12T14:47:13.050000Z,2026-02-12T15:00:14.113000Z,,2026-02-12T15:00:14.921438Z,782.0,HWOB7593GJ,0,Woman (including Trans Female/Trans Woman),Latino/Hispanic,41,Female,White,Colombia,Colombia,Colombia,Spanish,No,Unemployed (and job seeking)
698de7f25216710761e67651,66976ef710e538e032b7bbf8,AWAITING REVIEW,Not Applicable,2026-02-12T14:47:14.376000Z,2026-02-12T15:19:01.305000Z,,2026-02-12T15:19:03.093956Z,1907.0,ILAP0EFQML,419,Woman (including Trans Female/Trans Woman),African,34,Female,Black,Kenya,South Africa,South Africa,English,Yes,Full-Time
698de8017055c3dc3f30342a,5ef0a7652df215607fd60858,AWAITING REVIEW,Not Applicable,2026-02-12T14:47:36.040000Z,2026-02-12T15:04:16.471000Z,,2026-02-12T15:04:17.307887Z,1001.0,OUOHK3Y3T1,620,Woman (including Trans Female/Trans Woman),White,37,Female,White,South Africa,South Africa,South Africa,English,No,Other
698de8024ebc0512dc9af47f,68e3cfc22688ddaae48dc6c3,AWAITING REVIEW,Not Applicable,2026-02-12T14:48:08.571000Z,2026-02-12T15:08:03.330000Z,,2026-02-12T15:08:04.136206Z,1195.0,C0SOZIAOPE,68,Woman (including Trans Female/Trans Woman),Middle Eastern,29,Female,Other,Egypt,Egypt,Egypt,Arabic,No,Part-Time
698de8073bc0f81d1960b13e,608916862b329614910ceb10,AWAITING REVIEW,Not Applicable,2026-02-12T14:47:43.985000Z,2026-02-12T15:07:01.716000Z,,2026-02-12T15:07:02.678152Z,1158.0,THEPJEURJQ,709,Woman (including Trans Female/Trans Woman),Mixed,28,Female,Mixed,South Africa,South Africa,South Africa,English,Yes,Full-Time
698de80ed9a89f2803c58b40,68ca7fca4ed3f681ded2dd8a,AWAITING REVIEW,Not Applicable,2026-02-12T14:48:03.302000Z,2026-02-12T15:02:44.867000Z,,2026-02-12T15:02:45.985880Z,882.0,EMNK5KYKHK,238,Woman (including Trans Female/Trans Woman),South East Asian,30,Female,Asian,Malaysia,Malaysia,Malaysia,Malay,No,Part-Time
698de80fe10f0e921cbb1889,6972d98df92cd2fdfa0fa15e,AWAITING REVIEW,Not Applicable,2026-02-12T14:50:25.706000Z,2026-02-12T15:09:25.222000Z,,2026-02-12T15:09:25.990369Z,1140.0,8Q9OHBIYIJ,78,Woman (including Trans Female/Trans Woman),East Asian,29,Female,Asian,Australia,Australia,Australia,English,No,Part-Time
698de81439fbdb749b8618fa,67248c85c8cd5403bb9528cc,AWAITING REVIEW,Not Applicable,2026-02-12T14:48:01.095000Z,2026-02-12T15:00:18.476000Z,,2026-02-12T15:00:20.358388Z,738.0,2JKOI8ORAV,680,Woman (including Trans Female/Trans Woman),African,34,Female,Black,South Africa,South Africa,South Africa,English,No,Full-Time
698de8161f216d2a29fd9dd8,5f5c983ce742b548181ef1e7,AWAITING REVIEW,Not Applicable,2026-02-12T14:48:25.606000Z,2026-02-12T14:56:15.644000Z,,2026-02-12T14:56:17.215272Z,471.0,F7SCCRDTQP,1310,Woman (including Trans Female/Trans Woman),Black/African American,25,Female,Black,South Africa,South Africa,South Africa,English,No,Full-Time
698de8161f8c0f2536b8022e,6986a67584d9bca33103a70d,AWAITING REVIEW,Not Applicable,2026-02-12T14:52:39.961000Z,2026-02-12T15:17:27.501000Z,,2026-02-12T15:17:28.540472Z,1488.0,FX5WHVP8FH,3,Woman (including Trans Female/Trans Woman),Mixed,20,Female,Mixed,Brazil,Brazil,Brazil,Portuguese,No,Unemployed (and job seeking)
698de818bce80aac441c1748,60c076e9ce50e01ef77bdcdb,AWAITING REVIEW,Not Applicable,2026-02-12T14:47:52.435000Z,2026-02-12T14:58:02.824000Z,,2026-02-12T14:58:03.605471Z,611.0,K3ZJXG194Y,1987,Woman (including Trans Female/Trans Woman),Mixed,28,Female,Mixed,South Africa,South Africa,South Africa,English,No,Unemployed (and job seeking)
698de84e6ab54f3152c5b77b,68c263deeb8d41f076fe7249,AWAITING REVIEW,Not Applicable,2026-02-12T14:49:49.449000Z,2026-02-12T15:06:34.231000Z,,2026-02-12T15:06:34.968090Z,1005.0,KPTP3DG28U,346,Woman (including Trans Female/Trans Woman),South Asian,21,Female,Asian,India,India,India,Telugu,Yes,Unemployed (and job seeking)
698de856c6760ad5ad52a48e,66cb3e461d3bc3f143a834bb,AWAITING REVIEW,Not Applicable,2026-02-12T14:51:31.475000Z,2026-02-12T15:16:10.051000Z,,2026-02-12T15:16:12.093350Z,1479.0,1F7NNSB9BM,610,Woman (including Trans Female/Trans Woman),South Asian,38,Female,Asian,India,India,India,Telugu,No,Full-Time
698de885a65f3529a34f3002,69809013aa657927169c5b0f,AWAITING REVIEW,Not Applicable,2026-02-12T14:55:52.041000Z,2026-02-12T15:24:33.450000Z,,2026-02-12T15:24:34.450273Z,1722.0,ISO01PUE0W,29,Woman (including Trans Female/Trans Woman),Middle Eastern,22,Female,White,Egypt,Egypt,Egypt,Arabic,No,Part-Time
698de8fd9099eb6b2d2876bf,5f46c67a25a21808e955969a,AWAITING REVIEW,Not Applicable,2026-02-12T14:51:41.522000Z,2026-02-12T15:07:28.426000Z,,2026-02-12T15:07:29.180296Z,947.0,CQ9QH9FAGR,815,Woman (including Trans Female/Trans Woman),Other (please feel free to let us know your ethnicity via email),40,Female,Other,South Africa,South Africa,South Africa,English,No,Unemployed (and job seeking)
698de9083329fb1df4728620,613a469755c08ab3b9d682ad,AWAITING REVIEW,Not Applicable,2026-02-12T14:53:17.929000Z,2026-02-12T15:14:04.301000Z,,2026-02-12T15:14:05.085842Z,1247.0,9B9QS0S52K,2725,Woman (including Trans Female/Trans Woman),White Mexican,29,Female,Mixed,Mexico,Mexico,Mexico,Spanish,No,Full-Time
698de92a1abf8b7f760cf788,682c2ae4452d98d171391d2d,AWAITING REVIEW,Not Applicable,2026-02-12T14:56:11.183000Z,2026-02-12T15:21:36.278000Z,,2026-02-12T15:21:37.033737Z,1526.0,GKWNJEWUN8,582,Man (including Trans Male/Trans Man),South East Asian,42,Male,Asian,Indonesia,Indonesia,Indonesia,Indonesian,No,Full-Time
698de9593f4e5da898ccc247,682b2d83f543fd58edad5ab2,AWAITING REVIEW,Not Applicable,2026-02-12T14:53:13.651000Z,2026-02-12T14:59:13.116000Z,,2026-02-12T14:59:14.419538Z,360.0,SL5HDGDE4F,429,Woman (including Trans Female/Trans Woman),Rather not say,46,Female,Asian,Korea,Korea,Korea,Korean,No,Full-Time
698de97104fc54e2b8efbab9,697f20f39fb5cfd0bebbe901,AWAITING REVIEW,Not Applicable,2026-02-12T14:57:02.704000Z,2026-02-12T15:19:54.545000Z,,2026-02-12T15:19:55.413416Z,1372.0,784GX1R35X,11,Man (including Trans Male/Trans Man),East Asian,20,Male,Asian,India,India,India,Telugu,Yes,Other
698de97cbab8e65f1da37903,69807442b976563e9d0949d0,AWAITING REVIEW,Not Applicable,2026-02-12T14:57:05.669000Z,2026-02-12T15:10:17.333000Z,,2026-02-12T15:10:18.368452Z,792.0,2TE6KL9PJO,25,Woman (including Trans Female/Trans Woman),Other (please feel free to let us know your ethnicity via email),22,Female,White,Morocco,Morocco,Morocco,Arabic,Yes,Part-Time
698de985950cbe5984204df8,66748474cfbb63ff9415d8e5,AWAITING REVIEW,Not Applicable,2026-02-12T14:54:48.287000Z,2026-02-12T15:09:57.407000Z,,2026-02-12T15:09:58.332166Z,910.0,Y26V3VG9LF,231,Non-binary (would like to give more detail),Latino/Hispanic,24,Male,White,Mexico,Mexico,Mexico,Spanish,Yes,Due to start a new job within the next month
698de98cb14610fd81ae5baf,697caaf0446953bfbe4521c0,AWAITING REVIEW,Not Applicable,2026-02-12T14:54:14.690000Z,2026-02-12T14:58:45.475000Z,,2026-02-12T14:58:46.318179Z,271.0,I15N7JDF01,15,Woman (including Trans Female/Trans Woman),Rather not say,26,Female,Asian,India,India,India,English,No,Unemployed (and job seeking)
698de9bc18f22da1aab7a990,6988bb03530f311e6e026b46,AWAITING REVIEW,Not Applicable,2026-02-12T14:54:52.277000Z,2026-02-12T15:25:13.441000Z,,2026-02-12T15:25:14.930265Z,1822.0,RILNHPXVDB,5,Man (including Trans Male/Trans Man),Other (please feel free to let us know your ethnicity via email),21,Male,Asian,India,India,India,Hindi,Yes,Unemployed (and job seeking)
698de9d8dcb21e60a4ff9928,697ba6326a558b4db48eb357,AWAITING REVIEW,Not Applicable,2026-02-12T14:57:34.870000Z,2026-02-12T15:13:16.265000Z,,2026-02-12T15:13:17.113470Z,942.0,V4NJ6BPZ1K,17,Man (including Trans Male/Trans Man),Mixed,26,Male,White,Brazil,Brazil,Brazil,Portuguese,No,Full-Time
698de9f4a3439c8d8d66e5eb,69814f8a960e1ad1299596e1,AWAITING REVIEW,Not Applicable,2026-02-12T14:55:51.857000Z,2026-02-12T15:06:52.378000Z,,2026-02-12T15:06:53.132998Z,661.0,36F5GGF2LA,52,Non-binary (would like to give more detail),White,29,Female,White,Canada,Canada,Canada,English,No,Full-Time
698dea0d9350f8e045d947d7,667ebb747b43b02dbbd26d47,AWAITING REVIEW,Not Applicable,2026-02-12T14:56:28.932000Z,2026-02-12T15:10:56.808000Z,,2026-02-12T15:10:57.665072Z,868.0,B0SPCEIR9B,798,Woman (including Trans Female/Trans Woman),Other (please feel free to let us know your ethnicity via email),48,Female,Other,South Africa,South Africa,South Africa,English,No,Full-Time
698dea1848115605ae77d87b,698a8b3d9811cfd9e748450e,AWAITING REVIEW,Not Applicable,2026-02-12T14:56:24.078000Z,2026-02-12T15:13:06.146000Z,,2026-02-12T15:13:06.900935Z,1003.0,IEAXYOBK9Q,9,Woman (including Trans Female/Trans Woman),South East Asian,30,Female,Asian,Vietnam,Vietnam,Vietnam,Vietnamese,No,Full-Time
698dea4fe6312ab375d824de,69666ba496bfd1119c16d1bf,AWAITING REVIEW,Not Applicable,2026-02-12T14:57:49.182000Z,2026-02-12T15:07:40.808000Z,,2026-02-12T15:07:41.757070Z,592.0,NOCODE,65,Man (including Trans Male/Trans Man),White,26,Male,White,Netherlands,Netherlands,Netherlands,Dutch,No,Full-Time
698deb29a71288787ba7e544,698b0fea7d706ea409fcd540,AWAITING REVIEW,Not Applicable,2026-02-12T15:00:57.909000Z,2026-02-12T15:31:05.883000Z,,2026-02-12T15:31:06.810984Z,1808.0,NB1C439RHY,1,Man (including Trans Male/Trans Man),Mixed,18,Male,Mixed,Brazil,Brazil,Brazil,Portuguese,Yes,Unemployed (and job seeking)
698deb2aa1ede98c74cb56b8,698a466b5283fb0016d3c3de,AWAITING REVIEW,Not Applicable,2026-02-12T15:01:29.826000Z,2026-02-12T15:24:18.593000Z,,2026-02-12T15:24:19.441324Z,1369.0,XCR3G985CQ,1,Woman (including Trans Female/Trans Woman),White,19,Female,White,Romania,Romania,Romania,Romanian,Yes,Unemployed (and job seeking)
698deb573b40b9201db2b45c,691371c5d552995298408398,AWAITING REVIEW,Not Applicable,2026-02-12T15:02:00.464000Z,2026-02-12T15:12:19.521000Z,,2026-02-12T15:12:20.300058Z,620.0,WTMPVX1FZI,406,Woman (including Trans Female/Trans Woman),Middle Eastern,26,Female,Asian,Turkey,Canada,Canada,Turkish,No,Full-Time
698deba3d11fa05a4a688bc2,67da488436f9ec390284e999,AWAITING REVIEW,Not Applicable,2026-02-12T15:02:59.903000Z,2026-02-12T15:27:51.031000Z,,2026-02-12T15:27:51.886335Z,1492.0,W5BDOD61XF,331,Non-binary (would like to give more detail),Latino/Hispanic,26,Female,Other,Mexico,Mexico,Mexico,Spanish,Yes,Unemployed (and job seeking)
698deba8e94590643d7ba60f,697e8016028ec0dd8e5d9a43,AWAITING REVIEW,Not Applicable,2026-02-12T15:05:05.707000Z,2026-02-12T15:23:43.846000Z,,2026-02-12T15:23:45.761228Z,1119.0,LIQV9S3YZK,5,Non-binary (would like to give more detail),South East Asian,28,Male,Asian,India,India,India,Other,No,Unemployed (and job seeking)
698debae621de8b3f3510c2a,611f4665b4d9519095682405,AWAITING REVIEW,Not Applicable,2026-02-12T15:05:00.257000Z,2026-02-12T15:26:45.292000Z,,2026-02-12T15:26:46.219384Z,1306.0,0XTGF88PMG,673,Woman (including Trans Female/Trans Woman),Black/British,25,Female,Black,South Africa,South Africa,South Africa,English,Yes,Full-Time
698debdb22d3b2e0ba86739d,6903611bea75157b8b49622d,AWAITING REVIEW,Not Applicable,2026-02-12T15:05:21.605000Z,2026-02-12T15:15:58.805000Z,,2026-02-12T15:15:59.594217Z,638.0,NOCODE,171,Woman (including Trans Female/Trans Woman),White Sephardic Jew,32,Female,White,Israel,Israel,Israel,Hebrew,No,Full-Time
698debf62f9d553915d2c504,66952367721687887540318f,AWAITING REVIEW,Not Applicable,2026-02-12T15:04:22.254000Z,2026-02-12T15:26:46.224000Z,,2026-02-12T15:26:47.128477Z,1344.0,96HC6HP5PX,560,Woman (including Trans Female/Trans Woman),Caribbean,23,Female,Black,South Africa,South Africa,South Africa,English,No,Full-Time
698debfa224181b9e3633b36,613a9ae74a507195416c46c8,AWAITING REVIEW,Not Applicable,2026-02-12T15:04:53.566000Z,2026-02-12T15:15:43.393000Z,,2026-02-12T15:15:44.169835Z,650.0,VM0LI8B1LQ,625,Woman (including Trans Female/Trans Woman),White Mexican,35,Female,White,Mexico,Mexico,Mexico,Spanish,No,Full-Time
698dec82e6043ec4dbbb036a,697cad2b081e7282b745846a,AWAITING REVIEW,Not Applicable,2026-02-12T15:06:42.333000Z,2026-02-12T15:16:20.668000Z,,2026-02-12T15:16:21.486070Z,579.0,C16TBHX8,30,Man (including Trans Male/Trans Man),Rather not say,24,Male,Prefer not to say,India,India,India,Hindi,Yes,Part-Time
698dece8aa52b4987a20fcb8,60d0bc810fe5352cb95e760a,AWAITING REVIEW,Not Applicable,2026-02-12T15:08:27.821000Z,2026-02-12T15:21:41.369000Z,,2026-02-12T15:21:42.176557Z,794.0,IDTCBWKAW3,919,Non-binary (would like to give more detail),Black/African American,25,Female,Black,South Africa,South Africa,South Africa,English,DATA_EXPIRED,DATA_EXPIRED
698decfbf1c52ed35fecc95e,697a75f110de3fc445d250fc,AWAITING REVIEW,Not Applicable,2026-02-12T15:08:43.414000Z,2026-02-12T15:20:38.622000Z,,2026-02-12T15:20:40.237670Z,716.0,TXL0TMNCXU,6,Man (including Trans Male/Trans Man),White,32,Male,White,Brazil,Brazil,Brazil,Portuguese,Yes,Unemployed (and job seeking)
698ded484ed0923a5119dbf4,66c494265032c02a7b5ebdbc,AWAITING REVIEW,Not Applicable,2026-02-12T15:10:10.098000Z,2026-02-12T15:30:35.844000Z,,2026-02-12T15:30:36.673111Z,1226.0,VAWP3PEUIN,88,Non-binary (would like to give more detail),African,36,Female,Black,South Africa,South Africa,South Africa,Other,No,Other
698ded570e9b265367c19aa5,6981ec7f9c767e959efcda59,AWAITING REVIEW,Not Applicable,2026-02-12T15:10:15.507000Z,2026-02-12T15:25:29.975000Z,,2026-02-12T15:25:30.989658Z,915.0,38SBN9QBMA,23,Woman (including Trans Female/Trans Woman),Latino/Hispanic,25,Female,White,Brazil,Brazil,Brazil,Portuguese,Yes,Part-Time
698dedc17a990e9d2c3dca72,5b77869d338a9300015468cf,AWAITING REVIEW,Not Applicable,2026-02-12T15:12:25.255000Z,2026-02-12T15:27:41.863000Z,,2026-02-12T15:27:42.717281Z,917.0,CLGW18FOKB,1099,Non-binary (would like to give more detail),Latino/Hispanic,27,Female,White,Chile,Chile,Chile,Spanish,Yes,Full-Time
698dedebe38072f0c03b7da0,5f45866db58295196efa95f1,AWAITING REVIEW,Not Applicable,2026-02-12T15:13:01.516000Z,2026-02-12T15:30:21.011000Z,,2026-02-12T15:30:21.855963Z,1040.0,KIM5G0M6F1,486,Rather not say,Black/African American,47,Female,Black,South Africa,South Africa,South Africa,English,No,Full-Time
698deeac250bc1fa4780c82f,66cec305165d52b18aab0b62,AWAITING REVIEW,Not Applicable,2026-02-12T15:16:28.417000Z,2026-02-12T15:32:09.119000Z,,2026-02-12T15:32:10.774231Z,941.0,8BZLLBHSMW,594,Woman (including Trans Female/Trans Woman),South East Asian,34,Female,Asian,India,India,India,English,No,Full-Time
698deeb7df5870074ab121bc,67acbcf37bce4a2aa0f088d4,AWAITING REVIEW,Not Applicable,2026-02-12T15:16:12.541000Z,2026-02-12T15:31:48.164000Z,,2026-02-12T15:31:48.949875Z,936.0,YB42PAXDBO,1179,Woman (including Trans Female/Trans Woman),Caribbean,33,Female,Black,Jamaica,Canada,Canada,English,No,Part-Time
698deec9690913ba9632bd0d,66ba3f4a42f3cf67aa4053b9,AWAITING REVIEW,Not Applicable,2026-02-12T15:18:06.393000Z,2026-02-12T15:37:15.669000Z,,2026-02-12T15:37:16.557113Z,1150.0,I7L0V2ULLW,318,Non-binary (would like to give more detail),White,24,Female,White,Canada,Canada,Canada,English,No,Other
698deed165ec9bd09e3d3b73,697a8a8d20b370fa454cb220,AWAITING REVIEW,Not Applicable,2026-02-12T15:17:09.365000Z,2026-02-12T15:23:30.529000Z,,2026-02-12T15:23:31.548061Z,382.0,YO1N6FPYHP,28,Woman (including Trans Female/Trans Woman),White Mexican,25,Female,Other,Mexico,Mexico,Mexico,Spanish,No,Full-Time
698def2c68f9fb2e701ff0bb,698169192a7b9aedc359e266,AWAITING REVIEW,Not Applicable,2026-02-12T15:20:01.288000Z,2026-02-12T15:43:08.830000Z,,2026-02-12T15:43:09.729905Z,1388.0,HGTG3QBQSG,5,Man (including Trans Male/Trans Man),South East Asian,23,Male,Asian,Vietnam,Vietnam,Vietnam,Vietnamese,No,Unemployed (and job seeking)
698def635943f977ca3e13ca,67c1bd1e0c0aea659bcba061,AWAITING REVIEW,Not Applicable,2026-02-12T15:20:23.466000Z,2026-02-12T15:35:13.156000Z,,2026-02-12T15:35:14.050774Z,890.0,821WKNNOV8,495,Man (including Trans Male/Trans Man),Caribbean,23,Male,Black,Canada,Canada,Canada,French,Yes,Unemployed (and job seeking)
698def7e2aa2bf1d4ce4f41b,6989ba425af878eb9d5b5418,AWAITING REVIEW,Not Applicable,2026-02-12T15:20:50.700000Z,2026-02-12T15:42:34.841000Z,,2026-02-12T15:42:35.636130Z,1305.0,XK0QN65RVG,2,Rather not say,Middle Eastern,32,Female,Other,Egypt,Egypt,Egypt,Arabic,No,Unemployed (and job seeking)
698defe3a5e3562736fa2325,6610213934c78437806d9b6d,AWAITING REVIEW,Not Applicable,2026-02-12T15:21:44.731000Z,2026-02-12T15:33:03.206000Z,,2026-02-12T15:33:04.639484Z,679.0,86GHYEBDZ3,401,Man (including Trans Male/Trans Man),White Mexican,38,Male,White,Mexico,Mexico,Mexico,Spanish,No,Full-Time
698df012f316c6d0df2b9b82,6980bcbe582db0ee10868525,AWAITING REVIEW,Not Applicable,2026-02-12T15:22:02.173000Z,2026-02-12T15:28:14.441000Z,,2026-02-12T15:28:15.253295Z,373.0,6980bcbe582db0ee10868525,3,Rather not say,White,40,Male,White,Romania,Romania,Romania,Romanian,No,Other
698df0471d03477e4b0bbc1d,66d7fc4e8491c1492c9fa150,AWAITING REVIEW,Not Applicable,2026-02-12T15:22:58.185000Z,2026-02-12T15:29:42.973000Z,,2026-02-12T15:29:43.742097Z,405.0,NOCODE,17,Rather not say,Black/African American,38,Female,Black,South Africa,South Africa,South Africa,Other,Yes,Full-Time
698df1354d4bd73cd6291b50,66c74c07867a3b6c4043a11b,AWAITING REVIEW,Not Applicable,2026-02-12T15:26:55.761000Z,2026-02-12T15:46:44.921000Z,,2026-02-12T15:46:45.675610Z,1190.0,1QB277PHK4,142,Rather not say,South Asian,38,Female,Asian,India,India,India,Punjabi,No,Part-Time
698df219ec05bc9bd98f3a74,66670442a7e1b05215d8d3ae,AWAITING REVIEW,Not Applicable,2026-02-12T15:30:44.911000Z,2026-02-12T15:42:21.552000Z,,2026-02-12T15:42:22.485785Z,697.0,Q07GZJRAZE,334,Non-binary (would like to give more detail),African,35,Male,Black,South Africa,South Africa,South Africa,Other,No,Full-Time
698df238c33e96e8bda2b416,698272ae2743ff745e4e6b46,AWAITING REVIEW,Not Applicable,2026-02-12T15:31:38.050000Z,2026-02-12T15:59:07.859000Z,,2026-02-12T15:59:08.853739Z,1650.0,FZS5SIZYD1,2,Non-binary (would like to give more detail),White,24,Female,White,Brazil,Brazil,Brazil,Portuguese,Yes,Full-Time
698df2668ebae97d260495fc,697d65a36135a6b66c014e45,AWAITING REVIEW,Not Applicable,2026-02-12T15:33:49.607000Z,2026-02-12T15:57:12.506000Z,,2026-02-12T15:57:13.377883Z,1403.0,T6N80XK7S2,3,Rather not say,South East Asian,30,Male,Asian,India,India,India,English,No,Full-Time
698df28f40bd3969a4ebf897,6987c27d48842d2fda5eb862,AWAITING REVIEW,Not Applicable,2026-02-12T15:32:31.945000Z,2026-02-12T16:02:34.938000Z,,2026-02-12T16:02:35.907588Z,1803.0,0YSKVJXMC7,0,Man (including Trans Male/Trans Man),Caribbean,21,Male,Mixed,Colombia,Colombia,Colombia,Spanish,Yes,"Not in paid work (e.g. homemaker', 'retired or disabled)"
698df32905c3fdf2e2a573ab,697cad99caccf76ed849be7a,AWAITING REVIEW,Not Applicable,2026-02-12T15:36:43.538000Z,2026-02-12T15:50:32.276000Z,,2026-02-12T15:50:33.093867Z,829.0,6G92N0I6BJ,19,Rather not say,Rather not say,23,Male,Asian,India,India,India,Urdu,No,Unemployed (and job seeking)
698df36f77a0ac9635396c27,697a48dbf6d9937c351d6b5b,AWAITING REVIEW,Not Applicable,2026-02-12T15:36:25.485000Z,2026-02-12T15:53:41.884000Z,,2026-02-12T15:53:42.813169Z,1037.0,BXA521N9VY,39,Woman (including Trans Female/Trans Woman),East Asian,31,Female,Asian,China,Canada,China,Mandarin,No,Part-Time
698df4a795696bc8b4622125,6536b3fc4a34a7463d9b47e9,AWAITING REVIEW,Not Applicable,2026-02-12T15:41:48.319000Z,2026-02-12T15:59:15.046000Z,,2026-02-12T15:59:15.860340Z,1047.0,3YZMNKJGHV,149,Woman (including Trans Female/Trans Woman),White Sephardic Jew,35,Female,White,Turkey,Netherlands,Turkey,Turkish,No,Unemployed (and job seeking)
698df5a96b8351fbc2280527,66ca2d77843ac6baf8bbedd8,AWAITING REVIEW,Not Applicable,2026-02-12T15:45:50.343000Z,2026-02-12T16:01:01.809000Z,,2026-02-12T16:01:02.737681Z,912.0,CE3WQQ5V9C,756,Man (including Trans Male/Trans Man),Native American or Alaskan Native,39,Male,White,Canada,Canada,Canada,English,No,Full-Time
698df5c5fd216d9e6d101ca8,615ebee41627a65c85ccb4b6,AWAITING REVIEW,Not Applicable,2026-02-12T15:46:13.887000Z,2026-02-12T16:07:02.641000Z,,2026-02-12T16:07:03.624641Z,1249.0,MWZXMC2J1B,935,Man (including Trans Male/Trans Man),African,29,Male,Black,South Africa,South Africa,South Africa,English,No,Full-Time
698df9e632372dc53dbc88c9,6989abb13cd028981b8ff043,AWAITING REVIEW,Not Applicable,2026-02-12T16:03:59.897000Z,2026-02-12T16:15:41.152000Z,,2026-02-12T16:15:42.076282Z,702.0,MIGWYGVPJQ,4,Man (including Trans Male/Trans Man),Rather not say,20,Male,Prefer not to say,India,India,India,Telugu,Yes,Part-Time
698dfa7d68bb60ef1ca77ce8,6171b75b3c2b59f8487b4814,AWAITING REVIEW,Not Applicable,2026-02-12T16:07:50.933000Z,2026-02-12T16:20:04.003000Z,,2026-02-12T16:20:05.083796Z,734.0,0BDT1QPWYO,628,Non-binary (would like to give more detail),African,30,Female,Black,Zimbabwe,South Africa,Zimbabwe,English,Yes,Unemployed (and job seeking)
698dfa95e1fdf6ef6148bbc4,611cc8f16f59e2c2e6dc8cfa,AWAITING REVIEW,Not Applicable,2026-02-12T16:07:39.621000Z,2026-02-12T16:31:56.215000Z,,2026-02-12T16:31:57.017343Z,1457.0,CZ5OSDA5J,309,Man (including Trans Male/Trans Man),Other (please feel free to let us know your ethnicity via email),33,Male,Other,South Africa,South Africa,South Africa,English,DATA_EXPIRED,DATA_EXPIRED
698dfb33deed7d8db681323f,67e1b73ed47c36b4acd92c55,AWAITING REVIEW,Not Applicable,2026-02-12T16:09:33.925000Z,2026-02-12T16:29:44.670000Z,,2026-02-12T16:29:45.577423Z,1211.0,M06PE3ML4M,114,Man (including Trans Male/Trans Man),White Mexican,39,Male,Mixed,Mexico,Mexico,Mexico,Spanish,No,Full-Time
698dfb9ff1919189ef3d0b82,6932fd4ec71792a6a7fac32c,AWAITING REVIEW,Not Applicable,2026-02-12T16:11:18.011000Z,2026-02-12T16:34:27.724000Z,,2026-02-12T16:34:28.931850Z,1390.0,R26IX1JOXX,4,Rather not say,Latino/Hispanic,25,Male,White,Chile,Chile,Chile,Spanish,Yes,Unemployed (and job seeking)
698dfc62f9374481f6d05c97,67bf2d7e143bd52f223a9cd4,AWAITING REVIEW,Not Applicable,2026-02-12T16:14:32.317000Z,2026-02-12T16:36:15.144000Z,,2026-02-12T16:36:16.529468Z,1303.0,9CF5P5AQDH,273,Man (including Trans Male/Trans Man),Native American or Alaskan Native,29,Male,Other,Canada,Canada,Canada,English,No,"Not in paid work (e.g. homemaker', 'retired or disabled)"
698dfc8a717578d1d1c511b5,6983af941f3ff985f4fac0aa,AWAITING REVIEW,Not Applicable,2026-02-12T16:15:12.776000Z,2026-02-12T16:32:06.289000Z,,2026-02-12T16:32:07.344320Z,1014.0,RT93LCE6Y6,6,Woman (including Trans Female/Trans Woman),Latino/Hispanic,32,Female,Mixed,Mexico,Mexico,Mexico,Spanish,No,Full-Time
698dfe0adc80799952c01208,67ffb9d9966a438dc54122b3,AWAITING REVIEW,Not Applicable,2026-02-12T16:21:41.983000Z,2026-02-12T16:37:47.421000Z,,2026-02-12T16:37:48.268490Z,966.0,MUOHB3GON4,690,Man (including Trans Male/Trans Man),Other (please feel free to let us know your ethnicity via email),74,Male,Other,South Africa,South Africa,South Africa,English,No,"Not in paid work (e.g. homemaker', 'retired or disabled)"
698dfe4c2771834734620800,695170b24b79501d92c11c32,AWAITING REVIEW,Not Applicable,2026-02-12T16:23:10.913000Z,2026-02-12T16:42:40.203000Z,,2026-02-12T16:42:41.234623Z,1170.0,V5HI9LEMFL,27,Man (including Trans Male/Trans Man),Caribbean,36,Male,Black,Canada,Canada,Canada,English,No,Other
698e0002187babda1652bd7d,6980a756552a5ed02d9f239d,AWAITING REVIEW,Not Applicable,2026-02-12T16:29:54.166000Z,2026-02-12T16:41:46.672000Z,,2026-02-12T16:41:47.560714Z,713.0,I589T56VCF,20,Man (including Trans Male/Trans Man),South Asian,26,Male,Asian,India,India,India,English,Yes,Part-Time
698e005aaa054e51e9ca0499,697be71bfb903f67067704c2,AWAITING REVIEW,Not Applicable,2026-02-12T16:33:11.272000Z,2026-02-12T16:59:10.941000Z,,2026-02-12T16:59:11.936844Z,1560.0,XLLTY6W5Z7,3,Man (including Trans Male/Trans Man),White Mexican,36,Male,Mixed,Mexico,Mexico,Mexico,Spanish,No,Full-Time
698e02016eed2a5f68622264,608b98aa3b32a8ec0d3d72c8,AWAITING REVIEW,Not Applicable,2026-02-12T16:38:32.142000Z,2026-02-12T16:59:11.880000Z,,2026-02-12T16:59:12.725464Z,1240.0,25OWC5YOMG,517,Rather not say,African,24,Male,Black,South Africa,South Africa,South Africa,English,Yes,Part-Time
698e02ae9dbd09968fdde5bc,68dbb2daa04db6d3eb81740e,AWAITING REVIEW,Not Applicable,2026-02-12T16:41:37.770000Z,2026-02-12T16:50:51.487000Z,,2026-02-12T16:50:52.309432Z,554.0,SUL0XEIE8N,66,Rather not say,South Asian,21,Male,Asian,India,India,India,English,Yes,Part-Time
698e05029ba2c6a4b13dba0e,698094f899bede5e81c758f6,AWAITING REVIEW,Not Applicable,2026-02-12T16:51:26.967000Z,2026-02-12T17:03:21.955000Z,,2026-02-12T17:03:23.213745Z,715.0,NOCODE,19,Woman (including Trans Female/Trans Woman),Rather not say,26,Female,Other,Egypt,Egypt,Egypt,Arabic,No,Unemployed (and job seeking)
698e06db916971a073f278cd,6126941048bdfd725ad1acf7,AWAITING REVIEW,Not Applicable,2026-02-12T16:59:20.522000Z,2026-02-12T17:23:01.346000Z,,2026-02-12T17:23:02.258455Z,1421.0,MIIG2A94NP,745,Rather not say,African,31,Female,Black,South Africa,South Africa,South Africa,English,No,Full-Time
698e077a47d3e5aa5cc9505a,61487fe6a388dddb12f7ebb8,AWAITING REVIEW,Not Applicable,2026-02-12T17:01:46.137000Z,2026-02-12T17:30:08.100000Z,,2026-02-12T17:30:08.869903Z,1702.0,NOCODE,25,Non-binary (would like to give more detail),Black/African American,25,Male,Black,South Africa,South Africa,South Africa,English,No,Unemployed (and job seeking)
698e08db2b8701927353ad33,5e7241e8b05a3703ba0b3163,AWAITING REVIEW,Not Applicable,2026-02-12T17:07:44.413000Z,2026-02-12T17:15:33.657000Z,,2026-02-12T17:15:35.246451Z,470.0,Q46KDYGJA3,124,Woman (including Trans Female/Trans Woman),White Sephardic Jew,28,Female,White,Israel,Israel,Israel,Hebrew,No,Part-Time
698e0bd5e26a88abf4b9c2bc,60cf5aeae4eed384799e0e03,AWAITING REVIEW,Not Applicable,2026-02-12T17:20:27.593000Z,2026-02-12T17:28:49.441000Z,,2026-02-12T17:28:50.223654Z,502.0,MI3GTTYHA3,73,Non-binary (would like to give more detail),White Sephardic Jew,42,Male,White,South Africa,South Africa,South Africa,English,No,Full-Time
698e0bf4874f7f9abc61efdd,61250b978efdc39bb9b67d1e,AWAITING REVIEW,Not Applicable,2026-02-12T17:20:52.774000Z,2026-02-12T17:38:59.014000Z,,2026-02-12T17:38:59.828515Z,1087.0,PNWFDT9NYO,210,Woman (including Trans Female/Trans Woman),Black/British,28,Female,Black,South Africa,South Africa,South Africa,English,No,Unemployed (and job seeking)
698e13d3bd0274ead3dd65f6,5a913d2cf0536100017196d8,AWAITING REVIEW,Not Applicable,2026-02-12T17:54:58.212000Z,2026-02-12T18:02:13.199000Z,,2026-02-12T18:02:14.072004Z,435.0,QX0GRJZ6LQ,92,Man (including Trans Male/Trans Man),White Sephardic Jew,27,Male,White,Hungary,Hungary,Hungary,Hungarian,No,Full-Time
698e156565c664f638b0386b,697a7f1e216e6f77e1274165,AWAITING REVIEW,Not Applicable,2026-02-12T18:01:09.557000Z,2026-02-12T18:19:47.945000Z,,2026-02-12T18:19:48.810121Z,1119.0,WQWHU4MAK7,2,Rather not say,Rather not say,32,Male,Prefer not to say,Kenya,Japan,United States,English,Yes,Full-Time
698e164284642058e03b3821,692f76f95aa85798dda1369e,AWAITING REVIEW,Not Applicable,2026-02-12T18:05:42.102000Z,2026-02-12T18:29:00.572000Z,,2026-02-12T18:29:01.430111Z,1399.0,S0RB6XA0DW,63,Rather not say,Middle Eastern,29,Female,Other,Iraq,Canada,Iraq,Arabic,No,Unemployed (and job seeking)
698e1a22952e1fecaa4aa23d,692f723cf89413f3087b94cb,AWAITING REVIEW,Not Applicable,2026-02-12T18:21:26.019000Z,2026-02-12T18:37:36.245000Z,,2026-02-12T18:37:37.124554Z,971.0,YM648REG2V,94,Woman (including Trans Female/Trans Woman),Caribbean,53,Female,Black,Jamaica,Canada,Jamaica,English,No,Full-Time
698e1a8fdab755d6b0a55bcd,617290fb2da7dcf456e7ba91,AWAITING REVIEW,Not Applicable,2026-02-12T18:23:27.669000Z,2026-02-12T18:36:02.297000Z,,2026-02-12T18:36:03.278554Z,755.0,U897GPZSC2,258,Woman (including Trans Female/Trans Woman),Black/British,35,Female,Black,Swaziland,South Africa,Swaziland,English,No,Full-Time
698e1c69166590c1ee0e0e26,697da55f8d600e6688d4c410,AWAITING REVIEW,Not Applicable,2026-02-12T18:31:12.419000Z,2026-02-12T18:50:16.016000Z,,2026-02-12T18:50:17.125921Z,1144.0,NOCODE,5,Rather not say,South Asian,18,Female,Mixed,India,India,India,Hindi,Yes,Other
698e2a2af934f1fe0ef9cdbf,6980800d441009d309dee13d,AWAITING REVIEW,Not Applicable,2026-02-12T19:30:09.437000Z,2026-02-12T19:44:40.529000Z,,2026-02-12T19:44:42.628368Z,872.0,CANCGM55,3,Rather not say,Black/African American,45,Male,Mixed,Kenya,United Arab Emirates,Kenya,English,No,Full-Time
698e2ba98028ab619430dc83,60f4c8d5bb407037e9b16637,AWAITING REVIEW,Not Applicable,2026-02-12T19:36:15.121000Z,2026-02-12T19:44:07.875000Z,,2026-02-12T19:44:08.726885Z,473.0,A2REIR5YAO,1164,Non-binary (would like to give more detail),South East Asian,28,Female,Asian,Philippines,Canada,Canada,Tagalog-Filipino,DATA_EXPIRED,Full-Time
698e2c430ce8cb24dab918ca,6166c8527a09b5122fcea989,AWAITING REVIEW,Not Applicable,2026-02-12T19:38:49.247000Z,2026-02-12T19:52:23.962000Z,,2026-02-12T19:52:25.029580Z,815.0,PCCW5KZSUA,479,Rather not say,African,32,Male,Black,South Africa,South Africa,South Africa,English,No,Part-Time
698e32e9567e55403b4fb011,6983bc1c349268173d82aee8,AWAITING REVIEW,Not Applicable,2026-02-12T20:07:05.103000Z,2026-02-12T20:25:53.633000Z,,2026-02-12T20:25:54.532053Z,1129.0,141Y0TP8YA,0,Rather not say,Latino/Hispanic,31,Male,White,Brazil,Brazil,Brazil,Portuguese,No,Other
698e335c9193aef8f9d8decc,611e912ecd86ccea242bb5aa,AWAITING REVIEW,Not Applicable,2026-02-12T20:09:17.689000Z,2026-02-12T20:24:50.562000Z,,2026-02-12T20:24:51.348016Z,933.0,FONG194Z98,231,Rather not say,White,41,Male,White,South Africa,South Africa,South Africa,English,Yes,Full-Time
698e4aafcad996c5fb416597,697a7f94bd46014788db498b,AWAITING REVIEW,Not Applicable,2026-02-12T21:48:37.783000Z,2026-02-12T22:06:24.304000Z,,2026-02-12T22:06:25.289608Z,1067.0,G24SE6659V,5,Rather not say,Latino/Hispanic,18,Male,Prefer not to say,Mexico,Mexico,Mexico,Spanish,Yes,Unemployed (and job seeking)
698e5a0dfa4b643ba0b1c625,5f75e15c14255d2a88ee281e,AWAITING REVIEW,Not Applicable,2026-02-12T22:54:10.207000Z,2026-02-12T23:09:29.721000Z,,2026-02-12T23:09:30.470234Z,920.0,NOCODE,350,Man (including Trans Male/Trans Man),White Sephardic Jew,41,Male,White,Israel,Israel,Israel,Hebrew,Yes,Full-Time
698e5fbf182d9d59ad42132f,693a053b7ec35196dc23ccce,AWAITING REVIEW,Not Applicable,2026-02-12T23:18:23.835000Z,2026-02-12T23:32:59.863000Z,,2026-02-12T23:33:00.669306Z,877.0,C1NPOIE4,7,Woman (including Trans Female/Trans Woman),Native American or Alaskan Native,36,Female,Mixed,Canada,Canada,Canada,English,No,Unemployed (and job seeking)
698e632e45996d95585a9058,60ff62d60c2a47ad93998201,AWAITING REVIEW,Not Applicable,2026-02-12T23:33:22.682000Z,2026-02-12T23:59:19.770000Z,,2026-02-12T23:59:20.676577Z,1558.0,44L8E3DZ1W,460,Non-binary (would like to give more detail),White Mexican,26,Female,Other,Mexico,Mexico,Mexico,Spanish,DATA_EXPIRED,DATA_EXPIRED
698e64701d4e6d6cab9f7ab7,68ce0097c9c040dcba039885,AWAITING REVIEW,Not Applicable,2026-02-12T23:38:32.420000Z,2026-02-12T23:55:53.680000Z,,2026-02-12T23:55:54.503632Z,1042.0,CIAC3VIZ,38,Rather not say,East Asian,37,Male,Mixed,Philippines,Philippines,Philippines,Tagalog-Filipino,No,Part-Time
698e698aedd3708f15534126,64e7e9cacf76d2e8deb2c7d5,AWAITING REVIEW,Not Applicable,2026-02-13T00:00:15.100000Z,2026-02-13T00:11:37.100000Z,,2026-02-13T00:11:38.398689Z,682.0,9MTZKPOZ59,523,Non-binary (would like to give more detail),East Asian,25,Female,Asian,Canada,Canada,Canada,Cantonese,No,Full-Time
698e81a0e4e1391e10cb9a60,616934a454cf1f0e21721134,AWAITING REVIEW,Not Applicable,2026-02-13T01:42:56.225000Z,2026-02-13T01:59:08.291000Z,,2026-02-13T01:59:11.474858Z,973.0,NOCODE,414,Non-binary (would like to give more detail),Mixed,28,Male,Other,South Africa,South Africa,South Africa,English,Yes,Full-Time
698e94b30eb0c211b214cc85,66c74c75325402e7dfebf71c,AWAITING REVIEW,Not Applicable,2026-02-13T03:04:41.235000Z,2026-02-13T03:28:17.708000Z,,2026-02-13T03:28:18.678498Z,1417.0,TY1AKRFMH8,248,Rather not say,South East Asian,33,Female,Asian,India,India,India,Hindi,No,Part-Time
698eafd2a0069da06d52e842,60e2d0627063b8bb3f75d428,AWAITING REVIEW,Not Applicable,2026-02-13T05:00:21.388000Z,2026-02-13T05:29:06.966000Z,,2026-02-13T05:29:07.954118Z,1726.0,UGSA8KRQG3,28,Non-binary (would like to give more detail),Black/African American,34,Male,Black,South Africa,South Africa,South Africa,English,No,Full-Time
698eb1d43931f82c8e780655,6060829c3fff1f023f082e5b,AWAITING REVIEW,Not Applicable,2026-02-13T05:08:42.305000Z,2026-02-13T05:21:31.072000Z,,2026-02-13T05:21:32.216437Z,769.0,SRMVJNDSYM,649,Rather not say,White,31,Female,White,Australia,Australia,Australia,English,No,Part-Time
698eb40257d45e95a05ef5d8,692f1e80eff8d4be56fef7e9,AWAITING REVIEW,Not Applicable,2026-02-13T05:18:00.683000Z,2026-02-13T05:38:02.460000Z,,2026-02-13T05:38:03.358132Z,1202.0,FGKSY5NW1Y,36,Woman (including Trans Female/Trans Woman),Native American or Alaskan Native,37,Female,White,Canada,Canada,Canada,English,No,Full-Time
698eba5b07617e8c14ebad04,5f7f33669b1884086a32c299,AWAITING REVIEW,Not Applicable,2026-02-13T05:45:05.636000Z,2026-02-13T05:53:27.527000Z,,2026-02-13T05:53:28.317288Z,502.0,EZAI5X8ZC9,244,Rather not say,Black/British,30,Female,Black,Zimbabwe,South Africa,Zimbabwe,English,Yes,Full-Time
698ed37fe778ab853fbd2485,697a4effb1e00cd6e3561606,AWAITING REVIEW,Not Applicable,2026-02-13T07:32:21.414000Z,2026-02-13T07:41:16.222000Z,,2026-02-13T07:41:17.177886Z,535.0,QJX9YNWWHG,9,Non-binary (would like to give more detail),East Asian,39,Male,Asian,Korea,Korea,Korea,Korean,No,Due to start a new job within the next month
698ede9a30e5f2383eadd8b3,66ab8a6102f5c26da13ace0d,AWAITING REVIEW,Not Applicable,2026-02-13T08:19:44.743000Z,2026-02-13T08:39:10.665000Z,,2026-02-13T08:39:11.686340Z,1166.0,MFQNCZQ5XU,53,Man (including Trans Male/Trans Man),White Sephardic Jew,29,Male,White,Hungary,Hungary,Hungary,Hungarian,Yes,Full-Time
698f39f56b32cae24b6b6a6d,69137e836bd739501650a249,AWAITING REVIEW,Not Applicable,2026-02-13T14:49:53.730000Z,2026-02-13T15:10:05.822000Z,,2026-02-13T15:10:06.937707Z,1213.0,GFML1FTXE8,104,Man (including Trans Male/Trans Man),Native American or Alaskan Native,58,Male,Mixed,Canada,Canada,Canada,English,No,Part-Time
698f761766ef1394d9238fd0,611cd02e8cb5d44344ec2fc8,AWAITING REVIEW,Not Applicable,2026-02-13T19:06:04.405000Z,2026-02-13T19:29:55.124000Z,,2026-02-13T19:29:55.917781Z,1431.0,UD5ZXEOVMJ,105,Non-binary (would like to give more detail),Other (please feel free to let us know your ethnicity via email),26,Female,Black,South Africa,South Africa,South Africa,English,DATA_EXPIRED,Part-Time
698fa8f5ed3d6ba42b81e549,692fff32886ff906ca0cd612,AWAITING REVIEW,Not Applicable,2026-02-13T22:43:19.659000Z,2026-02-13T22:58:19.505000Z,,2026-02-13T22:58:20.404234Z,900.0,H3MS58CXHO,11,Rather not say,Other (please feel free to let us know your ethnicity via email),64,Male,Other,Canada,Canada,Canada,English,No,"Not in paid work (e.g. homemaker', 'retired or disabled)"
698ffe6f2dbac2b28cf2283a,615e8d01fb7391dcf34592b0,AWAITING REVIEW,Not Applicable,2026-02-14T04:48:00.105000Z,2026-02-14T05:10:13.024000Z,,2026-02-14T05:10:13.724308Z,1333.0,FSKG1XP6H5,201,Man (including Trans Male/Trans Man),Black/British,40,Male,Black,South Africa,South Africa,South Africa,English,No,Full-Time
69902b2dc3bd9c9cb7a7b5c0,6975ff817512e2f226033af1,AWAITING REVIEW,Not Applicable,2026-02-14T07:58:52.499000Z,2026-02-14T08:12:54.418000Z,,2026-02-14T08:12:56.063033Z,842.0,OXOQKL9Z8A,7,Non-binary (would like to give more detail),Rather not say,18,Female,White,Australia,Australia,Australia,English,No,Unemployed (and job seeking)
6990607d15492ea2a8146f65,66c7799677efd1bd35595d2d,AWAITING REVIEW,Not Applicable,2026-02-14T11:46:10.420000Z,2026-02-14T12:02:01.186000Z,,2026-02-14T12:02:02.598873Z,951.0,UD7T23CR2R,48,Non-binary (would like to give more detail),Mixed,21,Female,Other,United States,Morocco,United States,English,Yes,Unemployed (and job seeking)
6990991c81317995f80ec877,615ccde70c1ce067fc831306,AWAITING REVIEW,Not Applicable,2026-02-14T15:47:46.580000Z,2026-02-14T16:00:59.433000Z,,2026-02-14T16:01:00.268607Z,793.0,IDY17XZS9N,183,Non-binary (would like to give more detail),White Mexican,22,Female,Mixed,Mexico,Mexico,Mexico,Spanish,Yes,Part-Time
6992a2c7a70301661aeaf283,5ec4a5d2f4cd5238c6bc48db,AWAITING REVIEW,Not Applicable,2026-02-16T04:53:27.644000Z,2026-02-16T05:12:27.078000Z,,2026-02-16T05:12:28.657494Z,1140.0,C12FCVS9,409,Non-binary (would like to give more detail),White Sephardic Jew,30,Female,White,Israel,Canada,Canada,Russian,No,DATA_EXPIRED
6992bc3ade4ff40c9e81bcc3,65a9bcae8c22bff0d9db9288,AWAITING REVIEW,Not Applicable,2026-02-16T06:42:09.078000Z,2026-02-16T06:59:29.387000Z,,2026-02-16T06:59:30.483296Z,1041.0,XVZJBKTJVO,160,Non-binary (would like to give more detail),Mixed,23,Female,White,Australia,Australia,Australia,English,No,Part-Time
699301fb8791a53124f94d91,5fd66c119e1fc75723a40b51,AWAITING REVIEW,Not Applicable,2026-02-16T11:39:44.138000Z,2026-02-16T11:53:19.236000Z,,2026-02-16T11:53:20.235550Z,816.0,4YTRDX30S9,221,Rather not say,Other (please feel free to let us know your ethnicity via email),32,Female,Other,South Africa,South Africa,South Africa,English,DATA_EXPIRED,DATA_EXPIRED
6993bac4d37c590fdead3110,6980c12adfdbdbf1e14f4eea,AWAITING REVIEW,Not Applicable,2026-02-17T00:48:12.684000Z,2026-02-17T00:55:24.997000Z,,2026-02-17T00:55:25.777692Z,433.0,M6GRGC3CC1,9,Non-binary (would like to give more detail),South Asian,42,Male,Asian,India,India,India,Punjabi,No,Part-Time
6995e34ad0f5f49c07dcac15,698853f35e325b5335118cb2,AWAITING REVIEW,Not Applicable,2026-02-18T16:05:37.995000Z,2026-02-18T16:17:52.258000Z,,2026-02-18T16:17:53.031891Z,735.0,698853f35e325b5335118cb2,1,Non-binary (would like to give more detail),South Asian,18,Male,Asian,India,India,India,English,Yes,Other
6995f35c96f0f923c04e6494,698dc7a7ea67c062f20559e5,AWAITING REVIEW,Not Applicable,2026-02-18T17:14:15.689000Z,2026-02-18T17:23:02.318000Z,,2026-02-18T17:23:03.219116Z,527.0,R9XO1PP0LT,1,Man (including Trans Male/Trans Man),Romani/Traveller,29,Male,White,Romania,Romania,Romania,Romanian,No,Full-Time
69960b2a38d2145069bb3675,6980aa5c2eb779d943fd1071,AWAITING REVIEW,Not Applicable,2026-02-18T18:55:43.518000Z,2026-02-18T19:09:51.121000Z,,2026-02-18T19:09:51.982888Z,848.0,LJC27NRGAM,4,Rather not say,Middle Eastern,25,Male,White,Egypt,Egypt,Egypt,Arabic,No,Part-Time
69979aff316f8fc6a001b3d6,671eeb52145a9b910ff71f8f,AWAITING REVIEW,Not Applicable,2026-02-19T23:21:35.420000Z,2026-02-19T23:31:38.946000Z,,2026-02-19T23:31:39.841136Z,604.0,RPRKRWAW2H,71,Woman (including Trans Female/Trans Woman),Native American or Alaskan Native,32,Female,Other,Canada,Canada,Canada,English,Yes,Full-Time
6997eb2d49c3946f5e1f9912,60fdbe1363c332cd3027e3c6,AWAITING REVIEW,Not Applicable,2026-02-20T05:03:41.288000Z,2026-02-20T05:17:18.620000Z,,2026-02-20T05:17:19.733378Z,818.0,49IYTX9MLT,150,Non-binary (would like to give more detail),White Sephardic Jew,31,Female,White,Israel,Israel,Israel,Hebrew,DATA_EXPIRED,DATA_EXPIRED
6998bf8647744137081ec61c,665a7dfe2b387f043c278bfe,AWAITING REVIEW,Not Applicable,2026-02-20T20:09:46.325000Z,2026-02-20T20:16:31.566000Z,,2026-02-20T20:16:32.375355Z,406.0,M9WLF9DWR6,43,Rather not say,Mixed,27,Female,Mixed,Peru,Canada,Canada,Spanish,DATA_EXPIRED,DATA_EXPIRED
699c028e24081ccdaf2e660b,60db6206cee7ea2beb0a9a9b,AWAITING REVIEW,Not Applicable,2026-02-23T07:32:30.857000Z,2026-02-23T07:41:02.412000Z,,2026-02-23T07:41:03.158548Z,512.0,44NWQ9TBLU,47,Rather not say,Mixed,30,Male,Other,South Africa,South Africa,South Africa,English,DATA_EXPIRED,DATA_EXPIRED
698de587badd5aa52d67fd95,60a252db049918aa001fe65a,TIMED-OUT,Not Applicable,2026-02-12T14:37:15.120000Z,,,,946581.0,,1434,Man (including Trans Male/Trans Man),African,44,Male,Black,Zimbabwe,South Africa,Zimbabwe,English,Yes,Full-Time
698de5b53ee28e5512edabe5,673456576eeedddcfe239b12,RETURNED,Not Applicable,2026-02-12T14:38:01.442000Z,,,,,,478,CONSENT_REVOKED,CONSENT_REVOKED,CONSENT_REVOKED,CONSENT_REVOKED,CONSENT_REVOKED,CONSENT_REVOKED,CONSENT_REVOKED,CONSENT_REVOKED,CONSENT_REVOKED,CONSENT_REVOKED,CONSENT_REVOKED
698de6b0bd3debe14973d836,66816de26ae4ada5289869d5,RETURNED,Not Applicable,2026-02-12T14:41:56.456000Z,,,,,,356,CONSENT_REVOKED,CONSENT_REVOKED,CONSENT_REVOKED,CONSENT_REVOKED,CONSENT_REVOKED,CONSENT_REVOKED,CONSENT_REVOKED,CONSENT_REVOKED,CONSENT_REVOKED,CONSENT_REVOKED,CONSENT_REVOKED
698de6b65aa10288f9a85338,697caea4641fb84f89fd2cd9,TIMED-OUT,Not Applicable,2026-02-12T14:43:50.610000Z,,,,946186.0,,44,Man (including Trans Male/Trans Man),South Asian,25,Male,Asian,India,India,India,Hindi,No,Part-Time
698de6c39251526ca09c4da1,697ce65c003633d0d11cc8b5,RETURNED,Not Applicable,2026-02-12T14:49:26.912000Z,,,,,,17,CONSENT_REVOKED,CONSENT_REVOKED,CONSENT_REVOKED,CONSENT_REVOKED,CONSENT_REVOKED,CONSENT_REVOKED,CONSENT_REVOKED,CONSENT_REVOKED,CONSENT_REVOKED,CONSENT_REVOKED,CONSENT_REVOKED
698de6eca586acc72dc58b3f,5d67fe2073cd1d001a611229,RETURNED,Not Applicable,2026-02-12T14:42:52.897000Z,,,,,,623,CONSENT_REVOKED,CONSENT_REVOKED,CONSENT_REVOKED,CONSENT_REVOKED,CONSENT_REVOKED,CONSENT_REVOKED,CONSENT_REVOKED,CONSENT_REVOKED,CONSENT_REVOKED,CONSENT_REVOKED,CONSENT_REVOKED
698de721cfd5afeacfbbac27,5f4520ebb012170878012efc,TIMED-OUT,Not Applicable,2026-02-12T14:44:04.522000Z,,,,946172.0,,2013,Man (including Trans Male/Trans Man),Other (please feel free to let us know your ethnicity via email),41,Male,Other,Mexico,Mexico,Mexico,Spanish,No,Full-Time
698de740b94177adfb399cdf,6472025f5e1c922497375ce2,RETURNED,Not Applicable,2026-02-12T14:44:16.712000Z,,,,,,1412,CONSENT_REVOKED,CONSENT_REVOKED,CONSENT_REVOKED,CONSENT_REVOKED,CONSENT_REVOKED,CONSENT_REVOKED,CONSENT_REVOKED,CONSENT_REVOKED,CONSENT_REVOKED,CONSENT_REVOKED,CONSENT_REVOKED
698de75ca964a1103316682c,60abcd6f3e5efd9fca235828,RETURNED,Not Applicable,2026-02-12T14:46:06.874000Z,,,,,,1577,CONSENT_REVOKED,CONSENT_REVOKED,CONSENT_REVOKED,CONSENT_REVOKED,CONSENT_REVOKED,CONSENT_REVOKED,CONSENT_REVOKED,CONSENT_REVOKED,CONSENT_REVOKED,CONSENT_REVOKED,CONSENT_REVOKED
698de762971625a40a9add2d,697cb248de74fb691d51b9d5,TIMED-OUT,Not Applicable,2026-02-12T14:45:11.289000Z,,,,946106.0,,10,Man (including Trans Male/Trans Man),South East Asian,20,Male,Asian,India,India,India,Hindi,Yes,Part-Time
698de76eb1c914841f988a63,5d3873197860c8001a106e02,RETURNED,Not Applicable,2026-02-12T14:45:17.470000Z,,,,,,3666,CONSENT_REVOKED,CONSENT_REVOKED,CONSENT_REVOKED,CONSENT_REVOKED,CONSENT_REVOKED,CONSENT_REVOKED,CONSENT_REVOKED,CONSENT_REVOKED,CONSENT_REVOKED,CONSENT_REVOKED,CONSENT_REVOKED
698de7c3156a6d9e928b60d0,698ab3a537afd3e1f49fb4d8,TIMED-OUT,Not Applicable,2026-02-12T14:48:45.031000Z,,,,945892.0,,12,Woman (including Trans Female/Trans Woman),East Asian,33,Female,Asian,Korea,Korea,Korea,Korean,No,Unemployed (and job seeking)
698de7e6a1a2f1c47e29f433,6931bc7a9286300ba24d7703,TIMED-OUT,Not Applicable,2026-02-12T14:47:26.730000Z,,,,945971.0,,65,Woman (including Trans Female/Trans Woman),Latino/Hispanic,24,Female,Mixed,Brazil,Brazil,Brazil,Portuguese,Yes,Unemployed (and job seeking)
698de7ea1a9c9366e773d856,670ff6b426ff82aa6081be36,RETURNED,Not Applicable,2026-02-12T14:47:12.072000Z,,,,,,799,CONSENT_REVOKED,CONSENT_REVOKED,CONSENT_REVOKED,CONSENT_REVOKED,CONSENT_REVOKED,CONSENT_REVOKED,CONSENT_REVOKED,CONSENT_REVOKED,CONSENT_REVOKED,CONSENT_REVOKED,CONSENT_REVOKED
698de81672c248d97568e9b7,65c946a203b1a88740b02e52,RETURNED,Not Applicable,2026-02-12T14:48:42.049000Z,,,,,,971,CONSENT_REVOKED,CONSENT_REVOKED,CONSENT_REVOKED,CONSENT_REVOKED,CONSENT_REVOKED,CONSENT_REVOKED,CONSENT_REVOKED,CONSENT_REVOKED,CONSENT_REVOKED,CONSENT_REVOKED,CONSENT_REVOKED
698de82d1f622a28c2059ae9,57bb0ebfd4654c00018e0261,RETURNED,Not Applicable,2026-02-12T14:50:05.147000Z,,,,,,209,CONSENT_REVOKED,CONSENT_REVOKED,CONSENT_REVOKED,CONSENT_REVOKED,CONSENT_REVOKED,CONSENT_REVOKED,CONSENT_REVOKED,CONSENT_REVOKED,CONSENT_REVOKED,CONSENT_REVOKED,CONSENT_REVOKED
698de8c5e525342f4147eae1,692748e778089b584e73927a,RETURNED,Not Applicable,2026-02-12T14:51:06.241000Z,,,,,,356,CONSENT_REVOKED,CONSENT_REVOKED,CONSENT_REVOKED,CONSENT_REVOKED,CONSENT_REVOKED,CONSENT_REVOKED,CONSENT_REVOKED,CONSENT_REVOKED,CONSENT_REVOKED,CONSENT_REVOKED,CONSENT_REVOKED
698de958d850abc5e3ca9150,6720ff581ec732088e60b353,TIMED-OUT,Not Applicable,2026-02-12T14:53:34.425000Z,,,,945603.0,,419,Non-binary (would like to give more detail),African,36,Female,Black,South Africa,South Africa,South Africa,English,Yes,Full-Time
698dea191f4ccdcb550f1c40,5c0ed000fd0c0a0001f881ea,RETURNED,Not Applicable,2026-02-12T14:56:25.341000Z,,,,,,2513,CONSENT_REVOKED,CONSENT_REVOKED,CONSENT_REVOKED,CONSENT_REVOKED,CONSENT_REVOKED,CONSENT_REVOKED,CONSENT_REVOKED,CONSENT_REVOKED,CONSENT_REVOKED,CONSENT_REVOKED,CONSENT_REVOKED
698dead11cac1acac5d10b3e,698393496a125aad20780694,RETURNED,Not Applicable,2026-02-12T15:10:00.014000Z,,,,,,16,CONSENT_REVOKED,CONSENT_REVOKED,CONSENT_REVOKED,CONSENT_REVOKED,CONSENT_REVOKED,CONSENT_REVOKED,CONSENT_REVOKED,CONSENT_REVOKED,CONSENT_REVOKED,CONSENT_REVOKED,CONSENT_REVOKED
698deaea737a4c3d6ba14fec,697a6613ae7368750ac62fd4,RETURNED,Not Applicable,2026-02-12T15:10:00.014000Z,,,,,,3,CONSENT_REVOKED,CONSENT_REVOKED,CONSENT_REVOKED,CONSENT_REVOKED,CONSENT_REVOKED,CONSENT_REVOKED,CONSENT_REVOKED,CONSENT_REVOKED,CONSENT_REVOKED,CONSENT_REVOKED,CONSENT_REVOKED
698debad06b3052282098d80,664b876ebe0680d014a1c471,RETURNED,Not Applicable,2026-02-12T15:03:09.476000Z,,,,,,616,CONSENT_REVOKED,CONSENT_REVOKED,CONSENT_REVOKED,CONSENT_REVOKED,CONSENT_REVOKED,CONSENT_REVOKED,CONSENT_REVOKED,CONSENT_REVOKED,CONSENT_REVOKED,CONSENT_REVOKED,CONSENT_REVOKED
698debc689c4d486d8cf59cd,5da74e9437d4210016492810,RETURNED,Not Applicable,2026-02-12T15:03:34.815000Z,,,,,,2751,CONSENT_REVOKED,CONSENT_REVOKED,CONSENT_REVOKED,CONSENT_REVOKED,CONSENT_REVOKED,CONSENT_REVOKED,CONSENT_REVOKED,CONSENT_REVOKED,CONSENT_REVOKED,CONSENT_REVOKED,CONSENT_REVOKED
698dece766488254449fd254,67344ff58f3831daf758291d,TIMED-OUT,Not Applicable,2026-02-12T15:08:23.817000Z,,,,944714.0,,17,Non-binary (would like to give more detail),African,24,Female,Black,South Africa,South Africa,South Africa,English,Yes,Unemployed (and job seeking)
698ded479ec641d005158995,697a659b87b76806fb487fa2,TIMED-OUT,Not Applicable,2026-02-12T15:10:19.891000Z,,,,944598.0,,2,Man (including Trans Male/Trans Man),Other (please feel free to let us know your ethnicity via email),37,Male,Other,Brazil,Brazil,Brazil,Portuguese,Yes,Full-Time
698ded84196c1763e91e2bfc,6980aa821c7c71cef028d8c1,TIMED-OUT,Not Applicable,2026-02-12T15:13:34.414000Z,,,,944404.0,,14,Rather not say,Middle Eastern,33,Female,White,Egypt,Egypt,Egypt,Arabic,Yes,Unemployed (and job seeking)
698dee875a5f90c8485de0c2,67dfff57b122d76b85f37e17,TIMED-OUT,Not Applicable,2026-02-12T15:15:25.730000Z,,,,944292.0,,736,Non-binary (would like to give more detail),Black/African American,23,Male,Black,South Africa,South Africa,South Africa,English,Yes,Full-Time
698dee8e9144366376db8f02,682897158b5dddbbaeb4329e,TIMED-OUT,Not Applicable,2026-02-12T15:15:30.832000Z,,,,944287.0,,482,Man (including Trans Male/Trans Man),African,25,Male,Black,South Africa,South Africa,South Africa,English,No,Full-Time
698deebb31679c8eca7b6f3d,6986959d4de0d58e398c45fc,TIMED-OUT,Not Applicable,2026-02-12T15:16:46.790000Z,,,,944211.0,,13,Man (including Trans Male/Trans Man),South Asian,49,Male,Asian,India,India,India,Malayalam,No,Full-Time
698deedf69d2ceab71d30c4c,66e2c7b631f6bf1223d6e56f,RETURNED,Not Applicable,2026-02-12T15:17:03.581000Z,,,,,,293,CONSENT_REVOKED,CONSENT_REVOKED,CONSENT_REVOKED,CONSENT_REVOKED,CONSENT_REVOKED,CONSENT_REVOKED,CONSENT_REVOKED,CONSENT_REVOKED,CONSENT_REVOKED,CONSENT_REVOKED,CONSENT_REVOKED
698deeec7edaa1118a414eab,697d9f46279a7edbe41f9092,TIMED-OUT,Not Applicable,2026-02-12T15:19:21.768000Z,,,,944057.0,,7,Rather not say,Middle Eastern,28,Female,Asian,India,India,India,Hindi,No,Unemployed (and job seeking)
698df0260866f0eebf04a619,697b09e893ebfe42fbdbbaae,RETURNED,Not Applicable,,,,,,,28,CONSENT_REVOKED,CONSENT_REVOKED,CONSENT_REVOKED,CONSENT_REVOKED,CONSENT_REVOKED,CONSENT_REVOKED,CONSENT_REVOKED,CONSENT_REVOKED,CONSENT_REVOKED,CONSENT_REVOKED,CONSENT_REVOKED
698df30061a4dc342dfbfe54,66568a94f8713133e461fe9c,RETURNED,Not Applicable,2026-02-12T15:35:59.090000Z,,,,,,148,CONSENT_REVOKED,CONSENT_REVOKED,CONSENT_REVOKED,CONSENT_REVOKED,CONSENT_REVOKED,CONSENT_REVOKED,CONSENT_REVOKED,CONSENT_REVOKED,CONSENT_REVOKED,CONSENT_REVOKED,CONSENT_REVOKED
698df3355c0a5bdaa9d93bd7,697cb530f58e24a55221c7cf,TIMED-OUT,Not Applicable,2026-02-12T15:35:32.741000Z,,,,943086.0,,3,Man (including Trans Male/Trans Man),Other (please feel free to let us know your ethnicity via email),20,Male,Asian,India,India,India,English,Yes,Unemployed (and job seeking)
698df35bafbf62a452b27842,697faef42982884393026541,TIMED-OUT,Not Applicable,2026-02-12T15:42:49.268000Z,,,,942649.0,,7,Woman (including Trans Female/Trans Woman),Latino/Hispanic,21,Female,Mixed,Brazil,Brazil,Brazil,Portuguese,Yes,Part-Time
698df766ffca7c86e1fbc5f1,6984aeb7dd154af46e844b45,TIMED-OUT,Not Applicable,2026-02-12T15:53:17.542000Z,,,,942021.0,,5,Woman (including Trans Female/Trans Woman),Rather not say,24,Female,Black,Sudan,Saudi Arabia,Sudan,Arabic,No,Unemployed (and job seeking)
698df7e707d101ff3c7dd5ef,697cabb16486ff8623c21136,TIMED-OUT,Not Applicable,2026-02-12T15:55:32.294000Z,,,,941886.0,,42,Man (including Trans Male/Trans Man),South Asian,20,Male,Asian,India,India,India,Hindi,Yes,Other
698df7f873519797be2b8ce5,697cc5d77e844b4f481ea1f5,TIMED-OUT,Not Applicable,2026-02-12T15:59:37.388000Z,,,,941641.0,,5,Rather not say,South Asian,21,Male,Asian,India,India,India,English,Yes,Part-Time
698dfa36d61d93e40fbc879e,66951f866ea3aff1ef6564df,RETURNED,Not Applicable,2026-02-12T16:05:18.147000Z,,,,,,519,CONSENT_REVOKED,CONSENT_REVOKED,CONSENT_REVOKED,CONSENT_REVOKED,CONSENT_REVOKED,CONSENT_REVOKED,CONSENT_REVOKED,CONSENT_REVOKED,CONSENT_REVOKED,CONSENT_REVOKED,CONSENT_REVOKED
698dfa82e7889ce8d53bbcd7,5f8dec421f06451776393dc4,RETURNED,Not Applicable,2026-02-12T16:06:50.883000Z,,,,,,1670,CONSENT_REVOKED,CONSENT_REVOKED,CONSENT_REVOKED,CONSENT_REVOKED,CONSENT_REVOKED,CONSENT_REVOKED,CONSENT_REVOKED,CONSENT_REVOKED,CONSENT_REVOKED,CONSENT_REVOKED,CONSENT_REVOKED
698dfe2c91f1bb897e82af00,61327d64b2aa927d577068da,RETURNED,Not Applicable,2026-02-12T16:22:09.933000Z,,,,,,331,CONSENT_REVOKED,CONSENT_REVOKED,CONSENT_REVOKED,CONSENT_REVOKED,CONSENT_REVOKED,CONSENT_REVOKED,CONSENT_REVOKED,CONSENT_REVOKED,CONSENT_REVOKED,CONSENT_REVOKED,CONSENT_REVOKED
698e00e91a4954eeef1c6e96,69122702414dd26c8905eebd,RETURNED,Not Applicable,,,,,,,2,CONSENT_REVOKED,CONSENT_REVOKED,CONSENT_REVOKED,CONSENT_REVOKED,CONSENT_REVOKED,CONSENT_REVOKED,CONSENT_REVOKED,CONSENT_REVOKED,CONSENT_REVOKED,CONSENT_REVOKED,CONSENT_REVOKED
698e0771cb00b675c3991818,697cb1ce02dc212a767ea671,TIMED-OUT,Not Applicable,2026-02-12T17:01:49.265000Z,,,,937910.0,,3,Rather not say,Rather not say,30,Male,Asian,India,India,India,English,No,Unemployed (and job seeking)
698e08e3bba87357193d376e,6695529ec7a47b43b634cd9e,RETURNED,Not Applicable,,,,,,,729,CONSENT_REVOKED,CONSENT_REVOKED,CONSENT_REVOKED,CONSENT_REVOKED,CONSENT_REVOKED,CONSENT_REVOKED,CONSENT_REVOKED,CONSENT_REVOKED,CONSENT_REVOKED,CONSENT_REVOKED,CONSENT_REVOKED
698e217dedc70316f7d5b415,65c7eb6b1c15b1064e2701cd,RETURNED,Not Applicable,2026-02-12T19:03:00.015000Z,,,,,,122,CONSENT_REVOKED,CONSENT_REVOKED,CONSENT_REVOKED,CONSENT_REVOKED,CONSENT_REVOKED,CONSENT_REVOKED,CONSENT_REVOKED,CONSENT_REVOKED,CONSENT_REVOKED,CONSENT_REVOKED,CONSENT_REVOKED
698e273afb08126361af1f8e,67f2e613c09bbf379bd208ea,RETURNED,Not Applicable,2026-02-12T19:17:17.363000Z,,,,,,550,CONSENT_REVOKED,CONSENT_REVOKED,CONSENT_REVOKED,CONSENT_REVOKED,CONSENT_REVOKED,CONSENT_REVOKED,CONSENT_REVOKED,CONSENT_REVOKED,CONSENT_REVOKED,CONSENT_REVOKED,CONSENT_REVOKED
698e2eb3f4f38ff173db6235,697d3e56edc3a2caa5959611,TIMED-OUT,Not Applicable,2026-02-12T19:49:07.852000Z,,,,927871.0,,2,Rather not say,East Asian,24,Male,Asian,India,India,India,Hindi,No,Part-Time
698e2f37b402067fa230e4cf,6977f2625205afc42c8095f5,TIMED-OUT,Not Applicable,2026-02-12T19:51:19.448000Z,,,,927740.0,,8,Rather not say,Mixed,44,Female,Other,Fiji,Australia,Fiji,English,No,Full-Time
698e3299dde985c356b9e2b5,6980c5808d8ba61f2c712a95,TIMED-OUT,Not Applicable,2026-02-12T20:05:45.332000Z,,,,926874.0,,5,Non-binary (would like to give more detail),South Asian,26,Male,Asian,Pakistan,United Arab Emirates,Pakistan,Urdu,No,Full-Time
698e3f58d323807c034e8683,6741ccf698910f2a1cf809e5,RETURNED,Not Applicable,,,,,,,322,CONSENT_REVOKED,CONSENT_REVOKED,CONSENT_REVOKED,CONSENT_REVOKED,CONSENT_REVOKED,CONSENT_REVOKED,CONSENT_REVOKED,CONSENT_REVOKED,CONSENT_REVOKED,CONSENT_REVOKED,CONSENT_REVOKED
698e9c198cc526f25e3e7327,697cb2ce347cb8595f2bb551,TIMED-OUT,Not Applicable,2026-02-13T03:35:53.639000Z,,,,899866.0,,1,Non-binary (would like to give more detail),East Asian,34,Male,Asian,India,India,Germany,Urdu,No,Unemployed (and job seeking)
698eeb439a7139404b6c027c,698092191a13cbdf1e4daccf,TIMED-OUT,Not Applicable,2026-02-13T09:14:05.526000Z,,,,879574.0,,2,Rather not say,Mixed,32,Male,White,Romania,Romania,Romania,Romanian,No,Full-Time
698f66dc58d5b47b21ecde4f,68cd7c9b7c19fd2145576a59,RETURNED,Not Applicable,2026-02-13T18:01:09.380000Z,,,,,,33,CONSENT_REVOKED,CONSENT_REVOKED,CONSENT_REVOKED,CONSENT_REVOKED,CONSENT_REVOKED,CONSENT_REVOKED,CONSENT_REVOKED,CONSENT_REVOKED,CONSENT_REVOKED,CONSENT_REVOKED,CONSENT_REVOKED
69905a1eadea330ba877b183,6989bae9814d5fae6d558879,TIMED-OUT,Not Applicable,2026-02-14T11:19:15.516000Z,,,,785664.0,,2,Rather not say,Middle Eastern,23,Female,Other,Saudi Arabia,Saudi Arabia,Saudi Arabia,Arabic,No,Unemployed (and job seeking)
6990ad9acacd3d23860ec8a2,6928b6c3e095a26e31836070,TIMED-OUT,Not Applicable,2026-02-14T17:15:12.005000Z,,,,764308.0,,25,Rather not say,Mixed,18,Female,Mixed,Canada,Canada,Canada,English,Yes,Unemployed (and job seeking)
69913969355dc15920412e62,69809437c3d868ed5092f7ed,TIMED-OUT,Not Applicable,2026-02-15T03:11:37.919000Z,,,,728522.0,,0,Rather not say,East Asian,24,Male,Asian,India,India,India,Hindi,No,Full-Time
6993f2080612247e82cd3635,5fdb332eb34a6f617f8dba58,TIMED-OUT,Not Applicable,2026-02-17T04:44:06.222000Z,,,,550174.0,,761,Non-binary (would like to give more detail),Native American or Alaskan Native,53,Female,White,Canada,Canada,Canada,English,No,Part-Time
6995dc92bdde1c7ae3c6eadc,698357fa723582c4fc204e95,RETURNED,Not Applicable,2026-02-18T15:36:58.768000Z,,,,,,1,CONSENT_REVOKED,CONSENT_REVOKED,CONSENT_REVOKED,CONSENT_REVOKED,CONSENT_REVOKED,CONSENT_REVOKED,CONSENT_REVOKED,CONSENT_REVOKED,CONSENT_REVOKED,CONSENT_REVOKED,CONSENT_REVOKED
6996b6a48575801fa7843e5c,698e0f0041d64d55f855cd73,TIMED-OUT,Not Applicable,2026-02-19T07:07:16.337000Z,,,,368784.0,,1,Woman (including Trans Female/Trans Woman),Romani/Traveller,38,Female,White,Romania,Romania,Romania,Romanian,No,Full-Time
69973ee51d3bfa700e1c7dd0,691b84e4bf807534ec83accf,RETURNED,Not Applicable,2026-02-19T16:48:43.871000Z,,,,,,3,CONSENT_REVOKED,CONSENT_REVOKED,CONSENT_REVOKED,CONSENT_REVOKED,CONSENT_REVOKED,CONSENT_REVOKED,CONSENT_REVOKED,CONSENT_REVOKED,CONSENT_REVOKED,CONSENT_REVOKED,CONSENT_REVOKED
69991a0da5035f67081cc4a4,67be19924a00f370ef641864,RETURNED,Not Applicable,2026-02-21T02:36:02.383000Z,,,,,,15,CONSENT_REVOKED,CONSENT_REVOKED,CONSENT_REVOKED,CONSENT_REVOKED,CONSENT_REVOKED,CONSENT_REVOKED,CONSENT_REVOKED,CONSENT_REVOKED,CONSENT_REVOKED,CONSENT_REVOKED,CONSENT_REVOKED
